<?xml version="1.0" encoding="UTF-8"?>
<project-private xmlns="http://www.netbeans.org/ns/project-private/1">
    <editor-bookmarks xmlns="http://www.netbeans.org/ns/editor-bookmarks/2" lastBookmarkId="0"/>
    <open-files xmlns="http://www.netbeans.org/ns/projectui-open-files/2">
        <group>
            <file>file:/C:/Users/sherl/OneDrive/Documents/NetBeansProjects/Unidade2/src/Unidade2/Token.java</file>
            <file>file:/C:/Users/sherl/OneDrive/Documents/NetBeansProjects/Unidade2/src/Unidade2/especificacao.flex</file>
            <file>file:/C:/Users/sherl/OneDrive/Documents/NetBeansProjects/Unidade2/src/Unidade2/codigofonte.txt</file>
            <file>file:/C:/Users/sherl/OneDrive/Documents/NetBeansProjects/Unidade2/src/Unidade2/GeraLexer.java</file>
            <file>file:/C:/Users/sherl/OneDrive/Documents/NetBeansProjects/Unidade2/src/Unidade2/TesteAnalisador.java</file>
            <file>file:/C:/Users/sherl/OneDrive/Documents/NetBeansProjects/Unidade2/src/Unidade2/teste.java</file>
            <file>file:/C:/Users/sherl/OneDrive/Documents/NetBeansProjects/Unidade2/src/Unidade2/Lexer.java</file>
        </group>
    </open-files>
</project-private>
